{
  "etablissements_superieurs_francais_complet": [
    { "nom": "Aix-Marseille Université", "ville": "Aix-en-Provence / Marseille" },
    { "nom": "Université d'Angers", "ville": "Angers" },
    { "nom": "Université d'Artois", "ville": "Arras / Lens / Béthune / Douai" },
    { "nom": "Avignon Université", "ville": "Avignon" },
    { "nom": "Université de Bordeaux", "ville": "Bordeaux" },
    { "nom": "Université Bordeaux Montaigne", "ville": "Bordeaux" },
    { "nom": "Université de Bourgogne", "ville": "Dijon" },
    { "nom": "Université de Bretagne Occidentale (UBO)", "ville": "Brest / Quimper" },
    { "nom": "Université Bretagne Sud (UBS)", "ville": "Lorient / Vannes" },
    { "nom": "Université de Caen Normandie", "ville": "Caen" },
    { "nom": "CY Cergy Paris Université", "ville": "Cergy-Pontoise" },
    { "nom": "Université Clermont Auvergne", "ville": "Clermont-Ferrand" },
    { "nom": "Université de Corse Pasquale Paoli", "ville": "Corte" },
    { "nom": "Université Côte d'Azur", "ville": "Nice" },
    { "nom": "Université de Franche-Comté (UFC)", "ville": "Besançon" },
    { "nom": "Université Grenoble Alpes (UGA)", "ville": "Grenoble" },
    { "nom": "Université Gustave Eiffel", "ville": "Champs-sur-Marne" },
    { "nom": "Université du Havre Normandie", "ville": "Le Havre" },
    { "nom": "Université de La Réunion", "ville": "Saint-Denis (La Réunion)" },
    { "nom": "Université de La Rochelle", "ville": "La Rochelle" },
    { "nom": "Le Mans Université", "ville": "Le Mans" },
    { "nom": "Université de Lille", "ville": "Lille" },
    { "nom": "Université de Limoges", "ville": "Limoges" },
    { "nom": "Université du Littoral Côte d'Opale (ULCO)", "ville": "Dunkerque / Boulogne-sur-Mer" },
    { "nom": "Université de Lorraine", "ville": "Nancy / Metz" },
    { "nom": "Université Claude Bernard Lyon 1", "ville": "Lyon" },
    { "nom": "Université Lumière Lyon 2", "ville": "Lyon" },
    { "nom": "Université Jean Moulin Lyon 3", "ville": "Lyon" },
    { "nom": "Université de Montpellier", "ville": "Montpellier" },
    { "nom": "Université Paul-Valéry Montpellier 3", "ville": "Montpellier" },
    { "nom": "Université de Haute-Alsace (UHA)", "ville": "Mulhouse / Colmar" },
    { "nom": "Nantes Université", "ville": "Nantes" },
    { "nom": "Université de Nîmes (UNIMES)", "ville": "Nîmes" },
    { "nom": "Université d'Orléans", "ville": "Orléans" },
    { "nom": "Université Paris 1 Panthéon-Sorbonne", "ville": "Paris" },
    { "nom": "Université Paris 2 Panthéon-Assas", "ville": "Paris" },
    { "nom": "Université Sorbonne Nouvelle - Paris 3", "ville": "Paris" },
    { "nom": "Sorbonne Université", "ville": "Paris" },
    { "nom": "Université Paris Cité", "ville": "Paris" },
    { "nom": "Université Paris-Saclay", "ville": "Saclay / Orsay" },
    { "nom": "Université Paris-Est Créteil Val-de-Marne (UPEC)", "ville": "Créteil" },
    { "nom": "Université Paris Nanterre", "ville": "Nanterre" },
    { "nom": "Université Paris 8 Vincennes-Saint-Denis", "ville": "Saint-Denis" },
    { "nom": "Université Sorbonne Paris Nord", "ville": "Villetaneuse" },
    { "nom": "Université de Pau et des Pays de l'Adour (UPPA)", "ville": "Pau" },
    { "nom": "Université de Perpignan Via Domitia", "ville": "Perpignan" },
    { "nom": "Université de Picardie Jules-Verne (UPJV)", "ville": "Amiens" },
    { "nom": "Université de Poitiers", "ville": "Poitiers" },
    { "nom": "Université Polytechnique Hauts-de-France (UPHF)", "ville": "Valenciennes" },
    { "nom": "Université de Reims Champagne-Ardenne (URCA)", "ville": "Reims" },
    { "nom": "Université de Rennes", "ville": "Rennes" },
    { "nom": "Université Rennes 2", "ville": "Rennes" },
    { "nom": "Université de Rouen Normandie", "ville": "Rouen" },
    { "nom": "Université Savoie Mont Blanc (USMB)", "ville": "Chambéry / Annecy" },
    { "nom": "Université Jean Monnet Saint-Étienne", "ville": "Saint-Étienne" },
    { "nom": "Université de Strasbourg", "ville": "Strasbourg" },
    { "nom": "Université de Toulon", "ville": "Toulon" },
    { "nom": "Université Toulouse 1 Capitole", "ville": "Toulouse" },
    { "nom": "Université Toulouse - Jean Jaurès", "ville": "Toulouse" },
    { "nom": "Université Toulouse III - Paul Sabatier", "ville": "Toulouse" },
    { "nom": "Collège de France", "ville": "Paris" },
    { "nom": "Conservatoire National des Arts et Métiers (CNAM)", "ville": "Paris (et réseau national)" },
    { "nom": "École des Hautes Études en Sciences Sociales (EHESS)", "ville": "Paris" },
    { "nom": "Institut d'Études Politiques de Paris (Sciences Po)", "ville": "Paris (et campus régionaux)" },
    { "nom": "Institut National des Langues et Civilisations Orientales (INALCO)", "ville": "Paris" },
    { "nom": "Institut National Polytechnique de Toulouse (INP)", "ville": "Toulouse" },
    { "nom": "École Normale Supérieure (ENS - PSL)", "ville": "Paris" },
    { "nom": "École Centrale de Nantes", "ville": "Nantes" },
    { "nom": "Institut National des Sciences Appliquées de Lyon (INSA Lyon)", "ville": "Lyon" },
    { "nom": "Institut National Universitaire Champollion", "ville": "Albi / Rodez / Castres" },
    { "nom": "École Nationale Supérieure d'Arts et Métiers (ENSAM)", "ville": "Paris (et campus régionaux)" },
    { "nom": "Université des Antilles", "ville": "Guadeloupe / Martinique" },
    { "nom": "Université de Guyane", "ville": "Cayenne" },
    { "nom": "Université de la Nouvelle-Calédonie (UNC)", "ville": "Nouméa" },
    { "nom": "Université de la Polynésie Française (UPF)", "ville": "Tahiti" },
    { "nom": "Centre Universitaire de Mayotte (CUFR)", "ville": "Mamoudzou (Mayotte)" },
    { "nom": "Institut Catholique de Paris (ICP)", "ville": "Paris" },
    { "nom": "Institut Catholique de Lille (ICL)", "ville": "Lille" },
    { "nom": "Institut Catholique de Lyon (UCLy)", "ville": "Lyon" },
    { "nom": "Institut Catholique de l'Ouest (ICO)", "ville": "Angers" },
    { "nom": "Institut Catholique de Toulouse (ICT)", "ville": "Toulouse" },
    { "nom": "Université de Technologie de Compiègne (UTC)", "ville": "Compiègne" },
    { "nom": "Université de Technologie de Belfort-Montbéliard (UTBM)", "ville": "Belfort / Montbéliard" },
    { "nom": "Université de Technologie de Troyes (UTT)", "ville": "Troyes" }
  ]
}